﻿<?xml version="1.0" encoding="utf-8"?>
<Dashboards>
  <DashboardDescription xmlns:i="http://www.w3.org/2001/XMLSchema-instance" xmlns="http://schemas.datacontract.org/2004/07/UC4.Decision.Runtime.Common">
    <DashboardElements>
      <DashboardElementDescription>
        <Chart>
          <BackgroundConfiguration>
            <ShadedBackground>true</ShadedBackground>
            <ShadedBackgroundColor1 xmlns:d6p1="http://schemas.datacontract.org/2004/07/System.Drawing">
              <d6p1:knownColor>164</d6p1:knownColor>
              <d6p1:name i:nil="true" />
              <d6p1:state>1</d6p1:state>
              <d6p1:value>0</d6p1:value>
            </ShadedBackgroundColor1>
            <ShadedBackgroundColor2 xmlns:d6p1="http://schemas.datacontract.org/2004/07/System.Drawing">
              <d6p1:knownColor>0</d6p1:knownColor>
              <d6p1:name i:nil="true" />
              <d6p1:state>2</d6p1:state>
              <d6p1:value>4290037985</d6p1:value>
            </ShadedBackgroundColor2>
            <ShadedBackgroundDirection>Down</ShadedBackgroundDirection>
            <UniformBackgroundColor xmlns:d6p1="http://schemas.datacontract.org/2004/07/System.Drawing">
              <d6p1:knownColor>0</d6p1:knownColor>
              <d6p1:name i:nil="true" />
              <d6p1:state>0</d6p1:state>
              <d6p1:value>0</d6p1:value>
            </UniformBackgroundColor>
          </BackgroundConfiguration>
          <ChartType>Column</ChartType>
          <ColorCoding>Single</ColorCoding>
          <ColorPalette>UC4</ColorPalette>
          <Description></Description>
          <DisplayIn3D>false</DisplayIn3D>
          <DisplayName>File Transfers by Client</DisplayName>
          <FixedYAxisMax>false</FixedYAxisMax>
          <FixedYAxisMaxValue>0</FixedYAxisMaxValue>
          <FixedYAxisMin>false</FixedYAxisMin>
          <FixedYAxisMinValue>0</FixedYAxisMinValue>
          <Identifier>fb81d973-f6d3-4719-8176-21d90a27c37c</Identifier>
          <LegendBackgroundConfiguration>
            <ShadedBackground>false</ShadedBackground>
            <ShadedBackgroundColor1 xmlns:d6p1="http://schemas.datacontract.org/2004/07/System.Drawing">
              <d6p1:knownColor>0</d6p1:knownColor>
              <d6p1:name i:nil="true" />
              <d6p1:state>0</d6p1:state>
              <d6p1:value>0</d6p1:value>
            </ShadedBackgroundColor1>
            <ShadedBackgroundColor2 xmlns:d6p1="http://schemas.datacontract.org/2004/07/System.Drawing">
              <d6p1:knownColor>0</d6p1:knownColor>
              <d6p1:name i:nil="true" />
              <d6p1:state>0</d6p1:state>
              <d6p1:value>0</d6p1:value>
            </ShadedBackgroundColor2>
            <ShadedBackgroundDirection>Down</ShadedBackgroundDirection>
            <UniformBackgroundColor xmlns:d6p1="http://schemas.datacontract.org/2004/07/System.Drawing">
              <d6p1:knownColor>164</d6p1:knownColor>
              <d6p1:name i:nil="true" />
              <d6p1:state>1</d6p1:state>
              <d6p1:value>0</d6p1:value>
            </UniformBackgroundColor>
          </LegendBackgroundConfiguration>
          <LegendBorderColor xmlns:d5p1="http://schemas.datacontract.org/2004/07/System.Drawing">
            <d5p1:knownColor>35</d5p1:knownColor>
            <d5p1:name i:nil="true" />
            <d5p1:state>1</d5p1:state>
            <d5p1:value>0</d5p1:value>
          </LegendBorderColor>
          <LegendBorderSize>1</LegendBorderSize>
          <LegendDocking>Bottom</LegendDocking>
          <LegendShadowOffset>0</LegendShadowOffset>
          <LegendVisible>true</LegendVisible>
          <LogarithmicScales>false</LogarithmicScales>
          <SeriesEmptyPointDisplay>Zero</SeriesEmptyPointDisplay>
          <SeriesPointSize>0.8</SeriesPointSize>
          <SeriesShadowOffset>0</SeriesShadowOffset>
          <ShowPointValues>false</ShowPointValues>
          <ShowSeriesMarkers>false</ShowSeriesMarkers>
          <SingleSeriesColor xmlns:d5p1="http://schemas.datacontract.org/2004/07/System.Drawing">
            <d5p1:knownColor>0</d5p1:knownColor>
            <d5p1:name i:nil="true" />
            <d5p1:state>2</d5p1:state>
            <d5p1:value>4293700608</d5p1:value>
          </SingleSeriesColor>
          <TitleXAxis></TitleXAxis>
          <TitleYAxis></TitleYAxis>
          <UseColorPalette>false</UseColorPalette>
          <UseGlobalColorCoding>true</UseGlobalColorCoding>
          <UseScaleBreak>false</UseScaleBreak>
          <XAxisAngle3D>0</XAxisAngle3D>
          <YAxisAngle3D>0</YAxisAngle3D>
        </Chart>
        <Position xmlns:d4p1="http://schemas.datacontract.org/2004/07/System.Drawing">
          <d4p1:x>0</d4p1:x>
          <d4p1:y>2</d4p1:y>
        </Position>
        <Query i:nil="true" />
        <SeriesDescriptions>
          <SeriesDescription>
            <Description i:nil="true" />
            <DisplayName i:nil="true" />
            <Query i:type="DashboardQuery">
              <EventBase xmlns:d7p1="http://schemas.datacontract.org/2004/07/UC4.Common.Utils.Misc">
                <AbsoluteUri xmlns:d8p1="http://www.w3.org/2001/XMLSchema" i:type="d8p1:string" xmlns="">eventbase://UC4/V10</AbsoluteUri>
              </EventBase>
              <Filters xmlns:d7p1="http://schemas.datacontract.org/2004/07/UC4.Decision.Runtime.Common.Filtering" i:type="d7p1:FilterCollection">
                <d7p1:List xmlns:d8p1="http://schemas.microsoft.com/2003/10/Serialization/Arrays" />
                <d7p1:Operator>And</d7p1:Operator>
              </Filters>
              <GroupBy i:nil="true" />
              <HideOtherSector>false</HideOtherSector>
              <IncludeOverviewInformation>false</IncludeOverviewInformation>
              <MaxNumberOfDataPoints>0</MaxNumberOfDataPoints>
              <SortByY>false</SortByY>
              <Source xmlns:d7p1="http://schemas.datacontract.org/2004/07/UC4.Common.Utils.Misc">
                <AbsoluteUri xmlns:d8p1="http://www.w3.org/2001/XMLSchema" i:type="d8p1:string" xmlns="">eventobjecttype://Examples/UC4FileTransfer</AbsoluteUri>
              </Source>
              <TimeFrame i:type="AdvancedTimeFrame">
                <EndUnit>Minutes</EndUnit>
                <EndValue>0</EndValue>
                <StartUnit>Months</StartUnit>
                <StartValue>12</StartValue>
                <Type>DynamicInterval</Type>
              </TimeFrame>
              <Truncate>false</Truncate>
              <XAxis i:type="NumericGroupingDefinition">
                <IncludeEmptyValues>false</IncludeEmptyValues>
                <EventObjectType xmlns:d8p1="http://schemas.datacontract.org/2004/07/UC4.Common.Utils.Misc">
                  <AbsoluteUri xmlns:d9p1="http://www.w3.org/2001/XMLSchema" i:type="d9p1:string" xmlns="">eventobjecttype://Examples/UC4FileTransfer</AbsoluteUri>
                </EventObjectType>
                <Attribute>Client</Attribute>
                <IntervalSize>1</IntervalSize>
              </XAxis>
              <YAxis i:type="EotAggregationDefinition">
                <AggregationType>Count</AggregationType>
                <EventObjectType xmlns:d8p1="http://schemas.datacontract.org/2004/07/UC4.Common.Utils.Misc">
                  <AbsoluteUri xmlns:d9p1="http://www.w3.org/2001/XMLSchema" i:type="d9p1:string" xmlns="">eventobjecttype://Examples/UC4FileTransfer</AbsoluteUri>
                </EventObjectType>
              </YAxis>
            </Query>
            <SeriesAppearance>
              <ChartType>Column</ChartType>
              <LogarithmicScales>false</LogarithmicScales>
              <PointSize>0.8</PointSize>
              <ShadowOffset>0</ShadowOffset>
              <ShowMarkers>false</ShowMarkers>
              <ShowPointValues>false</ShowPointValues>
              <SingleColor xmlns:d7p1="http://schemas.datacontract.org/2004/07/System.Drawing">
                <d7p1:knownColor>0</d7p1:knownColor>
                <d7p1:name i:nil="true" />
                <d7p1:state>0</d7p1:state>
                <d7p1:value>0</d7p1:value>
              </SingleColor>
              <UseScaleBreak>false</UseScaleBreak>
              <XAxisType>Primary</XAxisType>
              <YAxisType>Primary</YAxisType>
            </SeriesAppearance>
            <Timeframe>5d4b3d93-9604-4b94-b150-9cd613f4b4fa</Timeframe>
          </SeriesDescription>
        </SeriesDescriptions>
        <TileState>Normal</TileState>
        <TimeframeId>5d4b3d93-9604-4b94-b150-9cd613f4b4fa</TimeframeId>
      </DashboardElementDescription>
      <DashboardElementDescription>
        <Chart>
          <BackgroundConfiguration>
            <ShadedBackground>true</ShadedBackground>
            <ShadedBackgroundColor1 xmlns:d6p1="http://schemas.datacontract.org/2004/07/System.Drawing">
              <d6p1:knownColor>164</d6p1:knownColor>
              <d6p1:name i:nil="true" />
              <d6p1:state>1</d6p1:state>
              <d6p1:value>0</d6p1:value>
            </ShadedBackgroundColor1>
            <ShadedBackgroundColor2 xmlns:d6p1="http://schemas.datacontract.org/2004/07/System.Drawing">
              <d6p1:knownColor>0</d6p1:knownColor>
              <d6p1:name i:nil="true" />
              <d6p1:state>2</d6p1:state>
              <d6p1:value>4290037985</d6p1:value>
            </ShadedBackgroundColor2>
            <ShadedBackgroundDirection>Down</ShadedBackgroundDirection>
            <UniformBackgroundColor xmlns:d6p1="http://schemas.datacontract.org/2004/07/System.Drawing">
              <d6p1:knownColor>0</d6p1:knownColor>
              <d6p1:name i:nil="true" />
              <d6p1:state>0</d6p1:state>
              <d6p1:value>0</d6p1:value>
            </UniformBackgroundColor>
          </BackgroundConfiguration>
          <ChartType>Bar</ChartType>
          <ColorCoding>Palette</ColorCoding>
          <ColorPalette>UC4</ColorPalette>
          <Description># of File Transfers displayed by Title</Description>
          <DisplayIn3D>false</DisplayIn3D>
          <DisplayName>Number of File Transfers</DisplayName>
          <FixedYAxisMax>false</FixedYAxisMax>
          <FixedYAxisMaxValue>0</FixedYAxisMaxValue>
          <FixedYAxisMin>false</FixedYAxisMin>
          <FixedYAxisMinValue>0</FixedYAxisMinValue>
          <Identifier>8347ae62-c46c-494e-b901-9546f5cc005c</Identifier>
          <LegendBackgroundConfiguration>
            <ShadedBackground>false</ShadedBackground>
            <ShadedBackgroundColor1 xmlns:d6p1="http://schemas.datacontract.org/2004/07/System.Drawing">
              <d6p1:knownColor>0</d6p1:knownColor>
              <d6p1:name i:nil="true" />
              <d6p1:state>0</d6p1:state>
              <d6p1:value>0</d6p1:value>
            </ShadedBackgroundColor1>
            <ShadedBackgroundColor2 xmlns:d6p1="http://schemas.datacontract.org/2004/07/System.Drawing">
              <d6p1:knownColor>0</d6p1:knownColor>
              <d6p1:name i:nil="true" />
              <d6p1:state>0</d6p1:state>
              <d6p1:value>0</d6p1:value>
            </ShadedBackgroundColor2>
            <ShadedBackgroundDirection>Down</ShadedBackgroundDirection>
            <UniformBackgroundColor xmlns:d6p1="http://schemas.datacontract.org/2004/07/System.Drawing">
              <d6p1:knownColor>164</d6p1:knownColor>
              <d6p1:name i:nil="true" />
              <d6p1:state>1</d6p1:state>
              <d6p1:value>0</d6p1:value>
            </UniformBackgroundColor>
          </LegendBackgroundConfiguration>
          <LegendBorderColor xmlns:d5p1="http://schemas.datacontract.org/2004/07/System.Drawing">
            <d5p1:knownColor>35</d5p1:knownColor>
            <d5p1:name i:nil="true" />
            <d5p1:state>1</d5p1:state>
            <d5p1:value>0</d5p1:value>
          </LegendBorderColor>
          <LegendBorderSize>1</LegendBorderSize>
          <LegendDocking>Bottom</LegendDocking>
          <LegendShadowOffset>0</LegendShadowOffset>
          <LegendVisible>false</LegendVisible>
          <LogarithmicScales>false</LogarithmicScales>
          <SeriesEmptyPointDisplay>Zero</SeriesEmptyPointDisplay>
          <SeriesPointSize>0.8</SeriesPointSize>
          <SeriesShadowOffset>0</SeriesShadowOffset>
          <ShowPointValues>true</ShowPointValues>
          <ShowSeriesMarkers>false</ShowSeriesMarkers>
          <SingleSeriesColor xmlns:d5p1="http://schemas.datacontract.org/2004/07/System.Drawing">
            <d5p1:knownColor>27</d5p1:knownColor>
            <d5p1:name i:nil="true" />
            <d5p1:state>1</d5p1:state>
            <d5p1:value>0</d5p1:value>
          </SingleSeriesColor>
          <TitleXAxis>Object Name</TitleXAxis>
          <TitleYAxis>Amount of executions</TitleYAxis>
          <UseColorPalette>false</UseColorPalette>
          <UseGlobalColorCoding>true</UseGlobalColorCoding>
          <UseScaleBreak>true</UseScaleBreak>
          <XAxisAngle3D>0</XAxisAngle3D>
          <YAxisAngle3D>0</YAxisAngle3D>
        </Chart>
        <Position xmlns:d4p1="http://schemas.datacontract.org/2004/07/System.Drawing">
          <d4p1:x>2</d4p1:x>
          <d4p1:y>1</d4p1:y>
        </Position>
        <Query i:nil="true" />
        <SeriesDescriptions>
          <SeriesDescription>
            <Description i:nil="true" />
            <DisplayName i:nil="true" />
            <Query i:type="DashboardQuery">
              <EventBase xmlns:d7p1="http://schemas.datacontract.org/2004/07/UC4.Common.Utils.Misc">
                <AbsoluteUri xmlns:d8p1="http://www.w3.org/2001/XMLSchema" i:type="d8p1:string" xmlns="">eventbase://UC4/V10</AbsoluteUri>
              </EventBase>
              <Filters xmlns:d7p1="http://schemas.datacontract.org/2004/07/UC4.Decision.Runtime.Common.Filtering" i:type="d7p1:FilterCollection">
                <d7p1:List xmlns:d8p1="http://schemas.microsoft.com/2003/10/Serialization/Arrays" />
                <d7p1:Operator>And</d7p1:Operator>
              </Filters>
              <GroupBy i:nil="true" />
              <HideOtherSector>false</HideOtherSector>
              <IncludeOverviewInformation>false</IncludeOverviewInformation>
              <MaxNumberOfDataPoints>10</MaxNumberOfDataPoints>
              <SortByY>true</SortByY>
              <Source xmlns:d7p1="http://schemas.datacontract.org/2004/07/UC4.Common.Utils.Misc">
                <AbsoluteUri xmlns:d8p1="http://www.w3.org/2001/XMLSchema" i:type="d8p1:string" xmlns="">eventobjecttype://Examples/UC4FileTransfer</AbsoluteUri>
              </Source>
              <TimeFrame i:type="AdvancedTimeFrame">
                <EndUnit>Minutes</EndUnit>
                <EndValue>0</EndValue>
                <StartUnit>Months</StartUnit>
                <StartValue>12</StartValue>
                <Type>DynamicInterval</Type>
              </TimeFrame>
              <Truncate>false</Truncate>
              <XAxis i:type="AttributeGroupingDefinition">
                <IncludeEmptyValues>false</IncludeEmptyValues>
                <EventObjectType xmlns:d8p1="http://schemas.datacontract.org/2004/07/UC4.Common.Utils.Misc">
                  <AbsoluteUri xmlns:d9p1="http://www.w3.org/2001/XMLSchema" i:type="d9p1:string" xmlns="">eventobjecttype://Examples/UC4FileTransfer</AbsoluteUri>
                </EventObjectType>
                <Attribute>Title</Attribute>
              </XAxis>
              <YAxis i:type="EotAggregationDefinition">
                <AggregationType>Count</AggregationType>
                <EventObjectType xmlns:d8p1="http://schemas.datacontract.org/2004/07/UC4.Common.Utils.Misc">
                  <AbsoluteUri xmlns:d9p1="http://www.w3.org/2001/XMLSchema" i:type="d9p1:string" xmlns="">eventobjecttype://Examples/UC4FileTransfer</AbsoluteUri>
                </EventObjectType>
              </YAxis>
            </Query>
            <SeriesAppearance>
              <ChartType>Column</ChartType>
              <LogarithmicScales>false</LogarithmicScales>
              <PointSize>0.8</PointSize>
              <ShadowOffset>0</ShadowOffset>
              <ShowMarkers>false</ShowMarkers>
              <ShowPointValues>false</ShowPointValues>
              <SingleColor xmlns:d7p1="http://schemas.datacontract.org/2004/07/System.Drawing">
                <d7p1:knownColor>0</d7p1:knownColor>
                <d7p1:name i:nil="true" />
                <d7p1:state>0</d7p1:state>
                <d7p1:value>0</d7p1:value>
              </SingleColor>
              <UseScaleBreak>false</UseScaleBreak>
              <XAxisType>Primary</XAxisType>
              <YAxisType>Primary</YAxisType>
            </SeriesAppearance>
            <Timeframe>5d4b3d93-9604-4b94-b150-9cd613f4b4fa</Timeframe>
          </SeriesDescription>
        </SeriesDescriptions>
        <TileState>Normal</TileState>
        <TimeframeId>5d4b3d93-9604-4b94-b150-9cd613f4b4fa</TimeframeId>
      </DashboardElementDescription>
      <DashboardElementDescription>
        <Chart>
          <BackgroundConfiguration>
            <ShadedBackground>true</ShadedBackground>
            <ShadedBackgroundColor1 xmlns:d6p1="http://schemas.datacontract.org/2004/07/System.Drawing">
              <d6p1:knownColor>164</d6p1:knownColor>
              <d6p1:name i:nil="true" />
              <d6p1:state>1</d6p1:state>
              <d6p1:value>0</d6p1:value>
            </ShadedBackgroundColor1>
            <ShadedBackgroundColor2 xmlns:d6p1="http://schemas.datacontract.org/2004/07/System.Drawing">
              <d6p1:knownColor>0</d6p1:knownColor>
              <d6p1:name i:nil="true" />
              <d6p1:state>2</d6p1:state>
              <d6p1:value>4290037985</d6p1:value>
            </ShadedBackgroundColor2>
            <ShadedBackgroundDirection>Down</ShadedBackgroundDirection>
            <UniformBackgroundColor xmlns:d6p1="http://schemas.datacontract.org/2004/07/System.Drawing">
              <d6p1:knownColor>0</d6p1:knownColor>
              <d6p1:name i:nil="true" />
              <d6p1:state>0</d6p1:state>
              <d6p1:value>0</d6p1:value>
            </UniformBackgroundColor>
          </BackgroundConfiguration>
          <ChartType>Column</ChartType>
          <ColorCoding>Palette</ColorCoding>
          <ColorPalette>UC4</ColorPalette>
          <Description># of File Transfers per Desination Agent in the past 12 months</Description>
          <DisplayIn3D>false</DisplayIn3D>
          <DisplayName>Destinations for File Transfers</DisplayName>
          <FixedYAxisMax>false</FixedYAxisMax>
          <FixedYAxisMaxValue>0</FixedYAxisMaxValue>
          <FixedYAxisMin>false</FixedYAxisMin>
          <FixedYAxisMinValue>0</FixedYAxisMinValue>
          <Identifier>1eb0415a-cea3-40e5-9fe6-07705f6f5857</Identifier>
          <LegendBackgroundConfiguration>
            <ShadedBackground>false</ShadedBackground>
            <ShadedBackgroundColor1 xmlns:d6p1="http://schemas.datacontract.org/2004/07/System.Drawing">
              <d6p1:knownColor>0</d6p1:knownColor>
              <d6p1:name i:nil="true" />
              <d6p1:state>0</d6p1:state>
              <d6p1:value>0</d6p1:value>
            </ShadedBackgroundColor1>
            <ShadedBackgroundColor2 xmlns:d6p1="http://schemas.datacontract.org/2004/07/System.Drawing">
              <d6p1:knownColor>0</d6p1:knownColor>
              <d6p1:name i:nil="true" />
              <d6p1:state>0</d6p1:state>
              <d6p1:value>0</d6p1:value>
            </ShadedBackgroundColor2>
            <ShadedBackgroundDirection>Down</ShadedBackgroundDirection>
            <UniformBackgroundColor xmlns:d6p1="http://schemas.datacontract.org/2004/07/System.Drawing">
              <d6p1:knownColor>164</d6p1:knownColor>
              <d6p1:name i:nil="true" />
              <d6p1:state>1</d6p1:state>
              <d6p1:value>0</d6p1:value>
            </UniformBackgroundColor>
          </LegendBackgroundConfiguration>
          <LegendBorderColor xmlns:d5p1="http://schemas.datacontract.org/2004/07/System.Drawing">
            <d5p1:knownColor>35</d5p1:knownColor>
            <d5p1:name i:nil="true" />
            <d5p1:state>1</d5p1:state>
            <d5p1:value>0</d5p1:value>
          </LegendBorderColor>
          <LegendBorderSize>1</LegendBorderSize>
          <LegendDocking>Bottom</LegendDocking>
          <LegendShadowOffset>0</LegendShadowOffset>
          <LegendVisible>false</LegendVisible>
          <LogarithmicScales>false</LogarithmicScales>
          <SeriesEmptyPointDisplay>Zero</SeriesEmptyPointDisplay>
          <SeriesPointSize>0.8</SeriesPointSize>
          <SeriesShadowOffset>0</SeriesShadowOffset>
          <ShowPointValues>true</ShowPointValues>
          <ShowSeriesMarkers>false</ShowSeriesMarkers>
          <SingleSeriesColor xmlns:d5p1="http://schemas.datacontract.org/2004/07/System.Drawing">
            <d5p1:knownColor>27</d5p1:knownColor>
            <d5p1:name i:nil="true" />
            <d5p1:state>1</d5p1:state>
            <d5p1:value>0</d5p1:value>
          </SingleSeriesColor>
          <TitleXAxis>Destination</TitleXAxis>
          <TitleYAxis>Amount of File Transfers</TitleYAxis>
          <UseColorPalette>false</UseColorPalette>
          <UseGlobalColorCoding>true</UseGlobalColorCoding>
          <UseScaleBreak>true</UseScaleBreak>
          <XAxisAngle3D>0</XAxisAngle3D>
          <YAxisAngle3D>0</YAxisAngle3D>
        </Chart>
        <Position xmlns:d4p1="http://schemas.datacontract.org/2004/07/System.Drawing">
          <d4p1:x>1</d4p1:x>
          <d4p1:y>1</d4p1:y>
        </Position>
        <Query i:nil="true" />
        <SeriesDescriptions>
          <SeriesDescription>
            <Description i:nil="true" />
            <DisplayName i:nil="true" />
            <Query i:type="DashboardQuery">
              <EventBase xmlns:d7p1="http://schemas.datacontract.org/2004/07/UC4.Common.Utils.Misc">
                <AbsoluteUri xmlns:d8p1="http://www.w3.org/2001/XMLSchema" i:type="d8p1:string" xmlns="">eventbase://UC4/V10</AbsoluteUri>
              </EventBase>
              <Filters xmlns:d7p1="http://schemas.datacontract.org/2004/07/UC4.Decision.Runtime.Common.Filtering" i:type="d7p1:FilterCollection">
                <d7p1:List xmlns:d8p1="http://schemas.microsoft.com/2003/10/Serialization/Arrays" />
                <d7p1:Operator>And</d7p1:Operator>
              </Filters>
              <GroupBy i:nil="true" />
              <HideOtherSector>false</HideOtherSector>
              <IncludeOverviewInformation>false</IncludeOverviewInformation>
              <MaxNumberOfDataPoints>10</MaxNumberOfDataPoints>
              <SortByY>true</SortByY>
              <Source xmlns:d7p1="http://schemas.datacontract.org/2004/07/UC4.Common.Utils.Misc">
                <AbsoluteUri xmlns:d8p1="http://www.w3.org/2001/XMLSchema" i:type="d8p1:string" xmlns="">eventobjecttype://Examples/UC4FileTransfer</AbsoluteUri>
              </Source>
              <TimeFrame i:type="AdvancedTimeFrame">
                <EndUnit>Minutes</EndUnit>
                <EndValue>0</EndValue>
                <StartUnit>Months</StartUnit>
                <StartValue>12</StartValue>
                <Type>DynamicInterval</Type>
              </TimeFrame>
              <Truncate>false</Truncate>
              <XAxis i:type="AttributeGroupingDefinition">
                <IncludeEmptyValues>false</IncludeEmptyValues>
                <EventObjectType xmlns:d8p1="http://schemas.datacontract.org/2004/07/UC4.Common.Utils.Misc">
                  <AbsoluteUri xmlns:d9p1="http://www.w3.org/2001/XMLSchema" i:type="d9p1:string" xmlns="">eventobjecttype://Examples/UC4FileTransfer</AbsoluteUri>
                </EventObjectType>
                <Attribute>DestinationHost</Attribute>
              </XAxis>
              <YAxis i:type="EotAggregationDefinition">
                <AggregationType>Count</AggregationType>
                <EventObjectType xmlns:d8p1="http://schemas.datacontract.org/2004/07/UC4.Common.Utils.Misc">
                  <AbsoluteUri xmlns:d9p1="http://www.w3.org/2001/XMLSchema" i:type="d9p1:string" xmlns="">eventobjecttype://Examples/UC4FileTransfer</AbsoluteUri>
                </EventObjectType>
              </YAxis>
            </Query>
            <SeriesAppearance>
              <ChartType>Column</ChartType>
              <LogarithmicScales>false</LogarithmicScales>
              <PointSize>0.8</PointSize>
              <ShadowOffset>0</ShadowOffset>
              <ShowMarkers>false</ShowMarkers>
              <ShowPointValues>true</ShowPointValues>
              <SingleColor xmlns:d7p1="http://schemas.datacontract.org/2004/07/System.Drawing">
                <d7p1:knownColor>0</d7p1:knownColor>
                <d7p1:name i:nil="true" />
                <d7p1:state>0</d7p1:state>
                <d7p1:value>0</d7p1:value>
              </SingleColor>
              <UseScaleBreak>true</UseScaleBreak>
              <XAxisType>Primary</XAxisType>
              <YAxisType>Primary</YAxisType>
            </SeriesAppearance>
            <Timeframe>5d4b3d93-9604-4b94-b150-9cd613f4b4fa</Timeframe>
          </SeriesDescription>
        </SeriesDescriptions>
        <TileState>Normal</TileState>
        <TimeframeId>5d4b3d93-9604-4b94-b150-9cd613f4b4fa</TimeframeId>
      </DashboardElementDescription>
      <DashboardElementDescription>
        <Chart>
          <BackgroundConfiguration>
            <ShadedBackground>true</ShadedBackground>
            <ShadedBackgroundColor1 xmlns:d6p1="http://schemas.datacontract.org/2004/07/System.Drawing">
              <d6p1:knownColor>164</d6p1:knownColor>
              <d6p1:name i:nil="true" />
              <d6p1:state>1</d6p1:state>
              <d6p1:value>0</d6p1:value>
            </ShadedBackgroundColor1>
            <ShadedBackgroundColor2 xmlns:d6p1="http://schemas.datacontract.org/2004/07/System.Drawing">
              <d6p1:knownColor>0</d6p1:knownColor>
              <d6p1:name i:nil="true" />
              <d6p1:state>2</d6p1:state>
              <d6p1:value>4290037985</d6p1:value>
            </ShadedBackgroundColor2>
            <ShadedBackgroundDirection>Down</ShadedBackgroundDirection>
            <UniformBackgroundColor xmlns:d6p1="http://schemas.datacontract.org/2004/07/System.Drawing">
              <d6p1:knownColor>0</d6p1:knownColor>
              <d6p1:name i:nil="true" />
              <d6p1:state>0</d6p1:state>
              <d6p1:value>0</d6p1:value>
            </UniformBackgroundColor>
          </BackgroundConfiguration>
          <ChartType>Pie</ChartType>
          <ColorCoding>Palette</ColorCoding>
          <ColorPalette>UC4</ColorPalette>
          <Description></Description>
          <DisplayIn3D>false</DisplayIn3D>
          <DisplayName>File Transfers - Success vs Failures</DisplayName>
          <FixedYAxisMax>false</FixedYAxisMax>
          <FixedYAxisMaxValue>0</FixedYAxisMaxValue>
          <FixedYAxisMin>false</FixedYAxisMin>
          <FixedYAxisMinValue>0</FixedYAxisMinValue>
          <Identifier>1ae1b7b0-df05-470f-800e-54770852542e</Identifier>
          <LegendBackgroundConfiguration>
            <ShadedBackground>false</ShadedBackground>
            <ShadedBackgroundColor1 xmlns:d6p1="http://schemas.datacontract.org/2004/07/System.Drawing">
              <d6p1:knownColor>0</d6p1:knownColor>
              <d6p1:name i:nil="true" />
              <d6p1:state>0</d6p1:state>
              <d6p1:value>0</d6p1:value>
            </ShadedBackgroundColor1>
            <ShadedBackgroundColor2 xmlns:d6p1="http://schemas.datacontract.org/2004/07/System.Drawing">
              <d6p1:knownColor>0</d6p1:knownColor>
              <d6p1:name i:nil="true" />
              <d6p1:state>0</d6p1:state>
              <d6p1:value>0</d6p1:value>
            </ShadedBackgroundColor2>
            <ShadedBackgroundDirection>Down</ShadedBackgroundDirection>
            <UniformBackgroundColor xmlns:d6p1="http://schemas.datacontract.org/2004/07/System.Drawing">
              <d6p1:knownColor>164</d6p1:knownColor>
              <d6p1:name i:nil="true" />
              <d6p1:state>1</d6p1:state>
              <d6p1:value>0</d6p1:value>
            </UniformBackgroundColor>
          </LegendBackgroundConfiguration>
          <LegendBorderColor xmlns:d5p1="http://schemas.datacontract.org/2004/07/System.Drawing">
            <d5p1:knownColor>35</d5p1:knownColor>
            <d5p1:name i:nil="true" />
            <d5p1:state>1</d5p1:state>
            <d5p1:value>0</d5p1:value>
          </LegendBorderColor>
          <LegendBorderSize>1</LegendBorderSize>
          <LegendDocking>Bottom</LegendDocking>
          <LegendShadowOffset>0</LegendShadowOffset>
          <LegendVisible>true</LegendVisible>
          <LogarithmicScales>false</LogarithmicScales>
          <SeriesEmptyPointDisplay>Zero</SeriesEmptyPointDisplay>
          <SeriesPointSize>0.8</SeriesPointSize>
          <SeriesShadowOffset>0</SeriesShadowOffset>
          <ShowPointValues>false</ShowPointValues>
          <ShowSeriesMarkers>false</ShowSeriesMarkers>
          <SingleSeriesColor xmlns:d5p1="http://schemas.datacontract.org/2004/07/System.Drawing">
            <d5p1:knownColor>0</d5p1:knownColor>
            <d5p1:name i:nil="true" />
            <d5p1:state>2</d5p1:state>
            <d5p1:value>4293700608</d5p1:value>
          </SingleSeriesColor>
          <TitleXAxis></TitleXAxis>
          <TitleYAxis></TitleYAxis>
          <UseColorPalette>false</UseColorPalette>
          <UseGlobalColorCoding>true</UseGlobalColorCoding>
          <UseScaleBreak>false</UseScaleBreak>
          <XAxisAngle3D>0</XAxisAngle3D>
          <YAxisAngle3D>0</YAxisAngle3D>
        </Chart>
        <Position xmlns:d4p1="http://schemas.datacontract.org/2004/07/System.Drawing">
          <d4p1:x>1</d4p1:x>
          <d4p1:y>2</d4p1:y>
        </Position>
        <Query i:nil="true" />
        <SeriesDescriptions>
          <SeriesDescription>
            <Description i:nil="true" />
            <DisplayName i:nil="true" />
            <Query i:type="DashboardQuery">
              <EventBase xmlns:d7p1="http://schemas.datacontract.org/2004/07/UC4.Common.Utils.Misc">
                <AbsoluteUri xmlns:d8p1="http://www.w3.org/2001/XMLSchema" i:type="d8p1:string" xmlns="">eventbase://UC4/V10</AbsoluteUri>
              </EventBase>
              <Filters xmlns:d7p1="http://schemas.datacontract.org/2004/07/UC4.Decision.Runtime.Common.Filtering" i:type="d7p1:FilterCollection">
                <d7p1:List xmlns:d8p1="http://schemas.microsoft.com/2003/10/Serialization/Arrays" />
                <d7p1:Operator>And</d7p1:Operator>
              </Filters>
              <GroupBy i:nil="true" />
              <HideOtherSector>false</HideOtherSector>
              <IncludeOverviewInformation>false</IncludeOverviewInformation>
              <MaxNumberOfDataPoints>0</MaxNumberOfDataPoints>
              <SortByY>false</SortByY>
              <Source xmlns:d7p1="http://schemas.datacontract.org/2004/07/UC4.Common.Utils.Misc">
                <AbsoluteUri xmlns:d8p1="http://www.w3.org/2001/XMLSchema" i:type="d8p1:string" xmlns="">eventobjecttype://Examples/UC4FileTransfer</AbsoluteUri>
              </Source>
              <TimeFrame i:type="AdvancedTimeFrame">
                <EndUnit>Minutes</EndUnit>
                <EndValue>0</EndValue>
                <StartUnit>Months</StartUnit>
                <StartValue>12</StartValue>
                <Type>DynamicInterval</Type>
              </TimeFrame>
              <Truncate>false</Truncate>
              <XAxis i:type="AttributeGroupingDefinition">
                <IncludeEmptyValues>false</IncludeEmptyValues>
                <EventObjectType xmlns:d8p1="http://schemas.datacontract.org/2004/07/UC4.Common.Utils.Misc">
                  <AbsoluteUri xmlns:d9p1="http://www.w3.org/2001/XMLSchema" i:type="d9p1:string" xmlns="">eventobjecttype://Examples/UC4FileTransfer</AbsoluteUri>
                </EventObjectType>
                <Attribute>Status</Attribute>
              </XAxis>
              <YAxis i:type="EotAggregationDefinition">
                <AggregationType>Count</AggregationType>
                <EventObjectType xmlns:d8p1="http://schemas.datacontract.org/2004/07/UC4.Common.Utils.Misc">
                  <AbsoluteUri xmlns:d9p1="http://www.w3.org/2001/XMLSchema" i:type="d9p1:string" xmlns="">eventobjecttype://Examples/UC4FileTransfer</AbsoluteUri>
                </EventObjectType>
              </YAxis>
            </Query>
            <SeriesAppearance>
              <ChartType>Pie</ChartType>
              <LogarithmicScales>false</LogarithmicScales>
              <PointSize>0.8</PointSize>
              <ShadowOffset>0</ShadowOffset>
              <ShowMarkers>false</ShowMarkers>
              <ShowPointValues>false</ShowPointValues>
              <SingleColor xmlns:d7p1="http://schemas.datacontract.org/2004/07/System.Drawing">
                <d7p1:knownColor>0</d7p1:knownColor>
                <d7p1:name i:nil="true" />
                <d7p1:state>0</d7p1:state>
                <d7p1:value>0</d7p1:value>
              </SingleColor>
              <UseScaleBreak>false</UseScaleBreak>
              <XAxisType>Primary</XAxisType>
              <YAxisType>Primary</YAxisType>
            </SeriesAppearance>
            <Timeframe>5d4b3d93-9604-4b94-b150-9cd613f4b4fa</Timeframe>
          </SeriesDescription>
        </SeriesDescriptions>
        <TileState>Normal</TileState>
        <TimeframeId>5d4b3d93-9604-4b94-b150-9cd613f4b4fa</TimeframeId>
      </DashboardElementDescription>
      <DashboardElementDescription>
        <Chart>
          <BackgroundConfiguration>
            <ShadedBackground>true</ShadedBackground>
            <ShadedBackgroundColor1 xmlns:d6p1="http://schemas.datacontract.org/2004/07/System.Drawing">
              <d6p1:knownColor>164</d6p1:knownColor>
              <d6p1:name i:nil="true" />
              <d6p1:state>1</d6p1:state>
              <d6p1:value>0</d6p1:value>
            </ShadedBackgroundColor1>
            <ShadedBackgroundColor2 xmlns:d6p1="http://schemas.datacontract.org/2004/07/System.Drawing">
              <d6p1:knownColor>0</d6p1:knownColor>
              <d6p1:name i:nil="true" />
              <d6p1:state>2</d6p1:state>
              <d6p1:value>4290037985</d6p1:value>
            </ShadedBackgroundColor2>
            <ShadedBackgroundDirection>Down</ShadedBackgroundDirection>
            <UniformBackgroundColor xmlns:d6p1="http://schemas.datacontract.org/2004/07/System.Drawing">
              <d6p1:knownColor>0</d6p1:knownColor>
              <d6p1:name i:nil="true" />
              <d6p1:state>0</d6p1:state>
              <d6p1:value>0</d6p1:value>
            </UniformBackgroundColor>
          </BackgroundConfiguration>
          <ChartType>StackedColumn</ChartType>
          <ColorCoding>Single</ColorCoding>
          <ColorPalette>UC4</ColorPalette>
          <Description>Lists a count of every File Transfer in the Past Month</Description>
          <DisplayIn3D>false</DisplayIn3D>
          <DisplayName>File Transfers Per Month</DisplayName>
          <FixedYAxisMax>false</FixedYAxisMax>
          <FixedYAxisMaxValue>0</FixedYAxisMaxValue>
          <FixedYAxisMin>false</FixedYAxisMin>
          <FixedYAxisMinValue>0</FixedYAxisMinValue>
          <Identifier>b529dc69-8fa3-4808-8ae4-94a9a64d3067</Identifier>
          <LegendBackgroundConfiguration>
            <ShadedBackground>false</ShadedBackground>
            <ShadedBackgroundColor1 xmlns:d6p1="http://schemas.datacontract.org/2004/07/System.Drawing">
              <d6p1:knownColor>0</d6p1:knownColor>
              <d6p1:name i:nil="true" />
              <d6p1:state>0</d6p1:state>
              <d6p1:value>0</d6p1:value>
            </ShadedBackgroundColor1>
            <ShadedBackgroundColor2 xmlns:d6p1="http://schemas.datacontract.org/2004/07/System.Drawing">
              <d6p1:knownColor>0</d6p1:knownColor>
              <d6p1:name i:nil="true" />
              <d6p1:state>0</d6p1:state>
              <d6p1:value>0</d6p1:value>
            </ShadedBackgroundColor2>
            <ShadedBackgroundDirection>Down</ShadedBackgroundDirection>
            <UniformBackgroundColor xmlns:d6p1="http://schemas.datacontract.org/2004/07/System.Drawing">
              <d6p1:knownColor>164</d6p1:knownColor>
              <d6p1:name i:nil="true" />
              <d6p1:state>1</d6p1:state>
              <d6p1:value>0</d6p1:value>
            </UniformBackgroundColor>
          </LegendBackgroundConfiguration>
          <LegendBorderColor xmlns:d5p1="http://schemas.datacontract.org/2004/07/System.Drawing">
            <d5p1:knownColor>35</d5p1:knownColor>
            <d5p1:name i:nil="true" />
            <d5p1:state>1</d5p1:state>
            <d5p1:value>0</d5p1:value>
          </LegendBorderColor>
          <LegendBorderSize>1</LegendBorderSize>
          <LegendDocking>Bottom</LegendDocking>
          <LegendShadowOffset>0</LegendShadowOffset>
          <LegendVisible>true</LegendVisible>
          <LogarithmicScales>false</LogarithmicScales>
          <SeriesEmptyPointDisplay>Zero</SeriesEmptyPointDisplay>
          <SeriesPointSize>0.8</SeriesPointSize>
          <SeriesShadowOffset>0</SeriesShadowOffset>
          <ShowPointValues>false</ShowPointValues>
          <ShowSeriesMarkers>false</ShowSeriesMarkers>
          <SingleSeriesColor xmlns:d5p1="http://schemas.datacontract.org/2004/07/System.Drawing">
            <d5p1:knownColor>0</d5p1:knownColor>
            <d5p1:name i:nil="true" />
            <d5p1:state>2</d5p1:state>
            <d5p1:value>4293700608</d5p1:value>
          </SingleSeriesColor>
          <TitleXAxis></TitleXAxis>
          <TitleYAxis></TitleYAxis>
          <UseColorPalette>false</UseColorPalette>
          <UseGlobalColorCoding>true</UseGlobalColorCoding>
          <UseScaleBreak>false</UseScaleBreak>
          <XAxisAngle3D>0</XAxisAngle3D>
          <YAxisAngle3D>0</YAxisAngle3D>
        </Chart>
        <Position xmlns:d4p1="http://schemas.datacontract.org/2004/07/System.Drawing">
          <d4p1:x>0</d4p1:x>
          <d4p1:y>0</d4p1:y>
        </Position>
        <Query i:nil="true" />
        <SeriesDescriptions>
          <SeriesDescription>
            <Description i:nil="true" />
            <DisplayName i:nil="true" />
            <Query i:type="DashboardQuery">
              <EventBase xmlns:d7p1="http://schemas.datacontract.org/2004/07/UC4.Common.Utils.Misc">
                <AbsoluteUri xmlns:d8p1="http://www.w3.org/2001/XMLSchema" i:type="d8p1:string" xmlns="">eventbase://UC4/V10</AbsoluteUri>
              </EventBase>
              <Filters xmlns:d7p1="http://schemas.datacontract.org/2004/07/UC4.Decision.Runtime.Common.Filtering" i:type="d7p1:FilterCollection">
                <d7p1:List xmlns:d8p1="http://schemas.microsoft.com/2003/10/Serialization/Arrays" />
                <d7p1:Operator>And</d7p1:Operator>
              </Filters>
              <GroupBy i:nil="true" />
              <HideOtherSector>false</HideOtherSector>
              <IncludeOverviewInformation>false</IncludeOverviewInformation>
              <MaxNumberOfDataPoints>0</MaxNumberOfDataPoints>
              <SortByY>false</SortByY>
              <Source xmlns:d7p1="http://schemas.datacontract.org/2004/07/UC4.Common.Utils.Misc">
                <AbsoluteUri xmlns:d8p1="http://www.w3.org/2001/XMLSchema" i:type="d8p1:string" xmlns="">eventobjecttype://Examples/UC4FileTransfer</AbsoluteUri>
              </Source>
              <TimeFrame i:type="AdvancedTimeFrame">
                <EndUnit>Minutes</EndUnit>
                <EndValue>0</EndValue>
                <StartUnit>Months</StartUnit>
                <StartValue>12</StartValue>
                <Type>DynamicInterval</Type>
              </TimeFrame>
              <Truncate>false</Truncate>
              <XAxis i:type="AttributeGroupingDefinition">
                <IncludeEmptyValues>false</IncludeEmptyValues>
                <EventObjectType xmlns:d8p1="http://schemas.datacontract.org/2004/07/UC4.Common.Utils.Misc">
                  <AbsoluteUri xmlns:d9p1="http://www.w3.org/2001/XMLSchema" i:type="d9p1:string" xmlns="">eventobjecttype://Examples/UC4FileTransfer</AbsoluteUri>
                </EventObjectType>
                <Attribute>Title</Attribute>
              </XAxis>
              <YAxis i:type="EotAggregationDefinition">
                <AggregationType>Count</AggregationType>
                <EventObjectType xmlns:d8p1="http://schemas.datacontract.org/2004/07/UC4.Common.Utils.Misc">
                  <AbsoluteUri xmlns:d9p1="http://www.w3.org/2001/XMLSchema" i:type="d9p1:string" xmlns="">eventobjecttype://Examples/UC4FileTransfer</AbsoluteUri>
                </EventObjectType>
              </YAxis>
            </Query>
            <SeriesAppearance>
              <ChartType>Column</ChartType>
              <LogarithmicScales>false</LogarithmicScales>
              <PointSize>0.8</PointSize>
              <ShadowOffset>0</ShadowOffset>
              <ShowMarkers>false</ShowMarkers>
              <ShowPointValues>false</ShowPointValues>
              <SingleColor xmlns:d7p1="http://schemas.datacontract.org/2004/07/System.Drawing">
                <d7p1:knownColor>0</d7p1:knownColor>
                <d7p1:name i:nil="true" />
                <d7p1:state>0</d7p1:state>
                <d7p1:value>0</d7p1:value>
              </SingleColor>
              <UseScaleBreak>false</UseScaleBreak>
              <XAxisType>Primary</XAxisType>
              <YAxisType>Primary</YAxisType>
            </SeriesAppearance>
            <Timeframe>5d4b3d93-9604-4b94-b150-9cd613f4b4fa</Timeframe>
          </SeriesDescription>
        </SeriesDescriptions>
        <TileState>Normal</TileState>
        <TimeframeId>5d4b3d93-9604-4b94-b150-9cd613f4b4fa</TimeframeId>
      </DashboardElementDescription>
      <DashboardElementDescription>
        <Chart>
          <BackgroundConfiguration>
            <ShadedBackground>true</ShadedBackground>
            <ShadedBackgroundColor1 xmlns:d6p1="http://schemas.datacontract.org/2004/07/System.Drawing">
              <d6p1:knownColor>164</d6p1:knownColor>
              <d6p1:name i:nil="true" />
              <d6p1:state>1</d6p1:state>
              <d6p1:value>0</d6p1:value>
            </ShadedBackgroundColor1>
            <ShadedBackgroundColor2 xmlns:d6p1="http://schemas.datacontract.org/2004/07/System.Drawing">
              <d6p1:knownColor>0</d6p1:knownColor>
              <d6p1:name i:nil="true" />
              <d6p1:state>2</d6p1:state>
              <d6p1:value>4290037985</d6p1:value>
            </ShadedBackgroundColor2>
            <ShadedBackgroundDirection>Down</ShadedBackgroundDirection>
            <UniformBackgroundColor xmlns:d6p1="http://schemas.datacontract.org/2004/07/System.Drawing">
              <d6p1:knownColor>0</d6p1:knownColor>
              <d6p1:name i:nil="true" />
              <d6p1:state>0</d6p1:state>
              <d6p1:value>0</d6p1:value>
            </UniformBackgroundColor>
          </BackgroundConfiguration>
          <ChartType>Bar</ChartType>
          <ColorCoding>Palette</ColorCoding>
          <ColorPalette>UC4</ColorPalette>
          <Description>List Top 10 largest File Transfers in the past 12 Months</Description>
          <DisplayIn3D>false</DisplayIn3D>
          <DisplayName>Largest filetransfers in KB</DisplayName>
          <FixedYAxisMax>false</FixedYAxisMax>
          <FixedYAxisMaxValue>0</FixedYAxisMaxValue>
          <FixedYAxisMin>false</FixedYAxisMin>
          <FixedYAxisMinValue>0</FixedYAxisMinValue>
          <Identifier>51247f2b-f261-472a-b873-7c285ff29e21</Identifier>
          <LegendBackgroundConfiguration>
            <ShadedBackground>false</ShadedBackground>
            <ShadedBackgroundColor1 xmlns:d6p1="http://schemas.datacontract.org/2004/07/System.Drawing">
              <d6p1:knownColor>0</d6p1:knownColor>
              <d6p1:name i:nil="true" />
              <d6p1:state>0</d6p1:state>
              <d6p1:value>0</d6p1:value>
            </ShadedBackgroundColor1>
            <ShadedBackgroundColor2 xmlns:d6p1="http://schemas.datacontract.org/2004/07/System.Drawing">
              <d6p1:knownColor>0</d6p1:knownColor>
              <d6p1:name i:nil="true" />
              <d6p1:state>0</d6p1:state>
              <d6p1:value>0</d6p1:value>
            </ShadedBackgroundColor2>
            <ShadedBackgroundDirection>Down</ShadedBackgroundDirection>
            <UniformBackgroundColor xmlns:d6p1="http://schemas.datacontract.org/2004/07/System.Drawing">
              <d6p1:knownColor>164</d6p1:knownColor>
              <d6p1:name i:nil="true" />
              <d6p1:state>1</d6p1:state>
              <d6p1:value>0</d6p1:value>
            </UniformBackgroundColor>
          </LegendBackgroundConfiguration>
          <LegendBorderColor xmlns:d5p1="http://schemas.datacontract.org/2004/07/System.Drawing">
            <d5p1:knownColor>35</d5p1:knownColor>
            <d5p1:name i:nil="true" />
            <d5p1:state>1</d5p1:state>
            <d5p1:value>0</d5p1:value>
          </LegendBorderColor>
          <LegendBorderSize>1</LegendBorderSize>
          <LegendDocking>Bottom</LegendDocking>
          <LegendShadowOffset>0</LegendShadowOffset>
          <LegendVisible>false</LegendVisible>
          <LogarithmicScales>false</LogarithmicScales>
          <SeriesEmptyPointDisplay>Zero</SeriesEmptyPointDisplay>
          <SeriesPointSize>0.8</SeriesPointSize>
          <SeriesShadowOffset>0</SeriesShadowOffset>
          <ShowPointValues>true</ShowPointValues>
          <ShowSeriesMarkers>false</ShowSeriesMarkers>
          <SingleSeriesColor xmlns:d5p1="http://schemas.datacontract.org/2004/07/System.Drawing">
            <d5p1:knownColor>27</d5p1:knownColor>
            <d5p1:name i:nil="true" />
            <d5p1:state>1</d5p1:state>
            <d5p1:value>0</d5p1:value>
          </SingleSeriesColor>
          <TitleXAxis>File Transfer</TitleXAxis>
          <TitleYAxis>KB transferred</TitleYAxis>
          <UseColorPalette>false</UseColorPalette>
          <UseGlobalColorCoding>true</UseGlobalColorCoding>
          <UseScaleBreak>true</UseScaleBreak>
          <XAxisAngle3D>0</XAxisAngle3D>
          <YAxisAngle3D>0</YAxisAngle3D>
        </Chart>
        <Position xmlns:d4p1="http://schemas.datacontract.org/2004/07/System.Drawing">
          <d4p1:x>1</d4p1:x>
          <d4p1:y>0</d4p1:y>
        </Position>
        <Query i:nil="true" />
        <SeriesDescriptions>
          <SeriesDescription>
            <Description i:nil="true" />
            <DisplayName i:nil="true" />
            <Query i:type="DashboardQuery">
              <EventBase xmlns:d7p1="http://schemas.datacontract.org/2004/07/UC4.Common.Utils.Misc">
                <AbsoluteUri xmlns:d8p1="http://www.w3.org/2001/XMLSchema" i:type="d8p1:string" xmlns="">eventbase://UC4/V10</AbsoluteUri>
              </EventBase>
              <Filters xmlns:d7p1="http://schemas.datacontract.org/2004/07/UC4.Decision.Runtime.Common.Filtering" i:type="d7p1:FilterCollection">
                <d7p1:List xmlns:d8p1="http://schemas.microsoft.com/2003/10/Serialization/Arrays" />
                <d7p1:Operator>And</d7p1:Operator>
              </Filters>
              <GroupBy i:nil="true" />
              <HideOtherSector>true</HideOtherSector>
              <IncludeOverviewInformation>false</IncludeOverviewInformation>
              <MaxNumberOfDataPoints>10</MaxNumberOfDataPoints>
              <SortByY>true</SortByY>
              <Source xmlns:d7p1="http://schemas.datacontract.org/2004/07/UC4.Common.Utils.Misc">
                <AbsoluteUri xmlns:d8p1="http://www.w3.org/2001/XMLSchema" i:type="d8p1:string" xmlns="">eventobjecttype://Examples/UC4FileTransfer</AbsoluteUri>
              </Source>
              <TimeFrame i:type="AdvancedTimeFrame">
                <EndUnit>Minutes</EndUnit>
                <EndValue>0</EndValue>
                <StartUnit>Months</StartUnit>
                <StartValue>12</StartValue>
                <Type>DynamicInterval</Type>
              </TimeFrame>
              <Truncate>true</Truncate>
              <XAxis i:type="AttributeGroupingDefinition">
                <IncludeEmptyValues>false</IncludeEmptyValues>
                <EventObjectType xmlns:d8p1="http://schemas.datacontract.org/2004/07/UC4.Common.Utils.Misc">
                  <AbsoluteUri xmlns:d9p1="http://www.w3.org/2001/XMLSchema" i:type="d9p1:string" xmlns="">eventobjecttype://Examples/UC4FileTransfer</AbsoluteUri>
                </EventObjectType>
                <Attribute>Title</Attribute>
              </XAxis>
              <YAxis i:type="AttributeAggregationDefinition">
                <AggregationType>Max</AggregationType>
                <EventObjectType xmlns:d8p1="http://schemas.datacontract.org/2004/07/UC4.Common.Utils.Misc">
                  <AbsoluteUri xmlns:d9p1="http://www.w3.org/2001/XMLSchema" i:type="d9p1:string" xmlns="">eventobjecttype://Examples/UC4FileTransfer</AbsoluteUri>
                </EventObjectType>
                <Attribute>BytesTransferred</Attribute>
              </YAxis>
            </Query>
            <SeriesAppearance>
              <ChartType>Column</ChartType>
              <LogarithmicScales>false</LogarithmicScales>
              <PointSize>0.8</PointSize>
              <ShadowOffset>0</ShadowOffset>
              <ShowMarkers>false</ShowMarkers>
              <ShowPointValues>false</ShowPointValues>
              <SingleColor xmlns:d7p1="http://schemas.datacontract.org/2004/07/System.Drawing">
                <d7p1:knownColor>0</d7p1:knownColor>
                <d7p1:name i:nil="true" />
                <d7p1:state>0</d7p1:state>
                <d7p1:value>0</d7p1:value>
              </SingleColor>
              <UseScaleBreak>false</UseScaleBreak>
              <XAxisType>Primary</XAxisType>
              <YAxisType>Primary</YAxisType>
            </SeriesAppearance>
            <Timeframe>5d4b3d93-9604-4b94-b150-9cd613f4b4fa</Timeframe>
          </SeriesDescription>
        </SeriesDescriptions>
        <TileState>Normal</TileState>
        <TimeframeId>5d4b3d93-9604-4b94-b150-9cd613f4b4fa</TimeframeId>
      </DashboardElementDescription>
      <DashboardElementDescription>
        <Chart>
          <BackgroundConfiguration>
            <ShadedBackground>true</ShadedBackground>
            <ShadedBackgroundColor1 xmlns:d6p1="http://schemas.datacontract.org/2004/07/System.Drawing">
              <d6p1:knownColor>164</d6p1:knownColor>
              <d6p1:name i:nil="true" />
              <d6p1:state>1</d6p1:state>
              <d6p1:value>0</d6p1:value>
            </ShadedBackgroundColor1>
            <ShadedBackgroundColor2 xmlns:d6p1="http://schemas.datacontract.org/2004/07/System.Drawing">
              <d6p1:knownColor>0</d6p1:knownColor>
              <d6p1:name i:nil="true" />
              <d6p1:state>2</d6p1:state>
              <d6p1:value>4290037985</d6p1:value>
            </ShadedBackgroundColor2>
            <ShadedBackgroundDirection>Down</ShadedBackgroundDirection>
            <UniformBackgroundColor xmlns:d6p1="http://schemas.datacontract.org/2004/07/System.Drawing">
              <d6p1:knownColor>0</d6p1:knownColor>
              <d6p1:name i:nil="true" />
              <d6p1:state>0</d6p1:state>
              <d6p1:value>0</d6p1:value>
            </UniformBackgroundColor>
          </BackgroundConfiguration>
          <ChartType>Bar</ChartType>
          <ColorCoding>Palette</ColorCoding>
          <ColorPalette>UC4</ColorPalette>
          <Description>Lists the Top 15 File Transfers in the Past 12 months</Description>
          <DisplayIn3D>false</DisplayIn3D>
          <DisplayName>Longest running File Transfers</DisplayName>
          <FixedYAxisMax>false</FixedYAxisMax>
          <FixedYAxisMaxValue>0</FixedYAxisMaxValue>
          <FixedYAxisMin>false</FixedYAxisMin>
          <FixedYAxisMinValue>0</FixedYAxisMinValue>
          <Identifier>73246564-aee5-4004-ab51-56353f62dc7d</Identifier>
          <LegendBackgroundConfiguration>
            <ShadedBackground>false</ShadedBackground>
            <ShadedBackgroundColor1 xmlns:d6p1="http://schemas.datacontract.org/2004/07/System.Drawing">
              <d6p1:knownColor>0</d6p1:knownColor>
              <d6p1:name i:nil="true" />
              <d6p1:state>0</d6p1:state>
              <d6p1:value>0</d6p1:value>
            </ShadedBackgroundColor1>
            <ShadedBackgroundColor2 xmlns:d6p1="http://schemas.datacontract.org/2004/07/System.Drawing">
              <d6p1:knownColor>0</d6p1:knownColor>
              <d6p1:name i:nil="true" />
              <d6p1:state>0</d6p1:state>
              <d6p1:value>0</d6p1:value>
            </ShadedBackgroundColor2>
            <ShadedBackgroundDirection>Down</ShadedBackgroundDirection>
            <UniformBackgroundColor xmlns:d6p1="http://schemas.datacontract.org/2004/07/System.Drawing">
              <d6p1:knownColor>164</d6p1:knownColor>
              <d6p1:name i:nil="true" />
              <d6p1:state>1</d6p1:state>
              <d6p1:value>0</d6p1:value>
            </UniformBackgroundColor>
          </LegendBackgroundConfiguration>
          <LegendBorderColor xmlns:d5p1="http://schemas.datacontract.org/2004/07/System.Drawing">
            <d5p1:knownColor>35</d5p1:knownColor>
            <d5p1:name i:nil="true" />
            <d5p1:state>1</d5p1:state>
            <d5p1:value>0</d5p1:value>
          </LegendBorderColor>
          <LegendBorderSize>1</LegendBorderSize>
          <LegendDocking>Bottom</LegendDocking>
          <LegendShadowOffset>0</LegendShadowOffset>
          <LegendVisible>false</LegendVisible>
          <LogarithmicScales>false</LogarithmicScales>
          <SeriesEmptyPointDisplay>Zero</SeriesEmptyPointDisplay>
          <SeriesPointSize>0.8</SeriesPointSize>
          <SeriesShadowOffset>0</SeriesShadowOffset>
          <ShowPointValues>true</ShowPointValues>
          <ShowSeriesMarkers>false</ShowSeriesMarkers>
          <SingleSeriesColor xmlns:d5p1="http://schemas.datacontract.org/2004/07/System.Drawing">
            <d5p1:knownColor>27</d5p1:knownColor>
            <d5p1:name i:nil="true" />
            <d5p1:state>1</d5p1:state>
            <d5p1:value>0</d5p1:value>
          </SingleSeriesColor>
          <TitleXAxis>Objectname</TitleXAxis>
          <TitleYAxis>Runtime in seconds</TitleYAxis>
          <UseColorPalette>false</UseColorPalette>
          <UseGlobalColorCoding>true</UseGlobalColorCoding>
          <UseScaleBreak>true</UseScaleBreak>
          <XAxisAngle3D>0</XAxisAngle3D>
          <YAxisAngle3D>0</YAxisAngle3D>
        </Chart>
        <Position xmlns:d4p1="http://schemas.datacontract.org/2004/07/System.Drawing">
          <d4p1:x>2</d4p1:x>
          <d4p1:y>0</d4p1:y>
        </Position>
        <Query i:nil="true" />
        <SeriesDescriptions>
          <SeriesDescription>
            <Description i:nil="true" />
            <DisplayName i:nil="true" />
            <Query i:type="DashboardQuery">
              <EventBase xmlns:d7p1="http://schemas.datacontract.org/2004/07/UC4.Common.Utils.Misc">
                <AbsoluteUri xmlns:d8p1="http://www.w3.org/2001/XMLSchema" i:type="d8p1:string" xmlns="">eventbase://UC4/V10</AbsoluteUri>
              </EventBase>
              <Filters xmlns:d7p1="http://schemas.datacontract.org/2004/07/UC4.Decision.Runtime.Common.Filtering" i:type="d7p1:FilterCollection">
                <d7p1:List xmlns:d8p1="http://schemas.microsoft.com/2003/10/Serialization/Arrays" />
                <d7p1:Operator>And</d7p1:Operator>
              </Filters>
              <GroupBy i:nil="true" />
              <HideOtherSector>true</HideOtherSector>
              <IncludeOverviewInformation>false</IncludeOverviewInformation>
              <MaxNumberOfDataPoints>15</MaxNumberOfDataPoints>
              <SortByY>true</SortByY>
              <Source xmlns:d7p1="http://schemas.datacontract.org/2004/07/UC4.Common.Utils.Misc">
                <AbsoluteUri xmlns:d8p1="http://www.w3.org/2001/XMLSchema" i:type="d8p1:string" xmlns="">eventobjecttype://Examples/UC4FileTransfer</AbsoluteUri>
              </Source>
              <TimeFrame i:type="AdvancedTimeFrame">
                <EndUnit>Minutes</EndUnit>
                <EndValue>0</EndValue>
                <StartUnit>Months</StartUnit>
                <StartValue>12</StartValue>
                <Type>DynamicInterval</Type>
              </TimeFrame>
              <Truncate>true</Truncate>
              <XAxis i:type="AttributeGroupingDefinition">
                <IncludeEmptyValues>false</IncludeEmptyValues>
                <EventObjectType xmlns:d8p1="http://schemas.datacontract.org/2004/07/UC4.Common.Utils.Misc">
                  <AbsoluteUri xmlns:d9p1="http://www.w3.org/2001/XMLSchema" i:type="d9p1:string" xmlns="">eventobjecttype://Examples/UC4FileTransfer</AbsoluteUri>
                </EventObjectType>
                <Attribute>Title</Attribute>
              </XAxis>
              <YAxis i:type="AttributeAggregationDefinition">
                <AggregationType>Max</AggregationType>
                <EventObjectType xmlns:d8p1="http://schemas.datacontract.org/2004/07/UC4.Common.Utils.Misc">
                  <AbsoluteUri xmlns:d9p1="http://www.w3.org/2001/XMLSchema" i:type="d9p1:string" xmlns="">eventobjecttype://Examples/UC4FileTransfer</AbsoluteUri>
                </EventObjectType>
                <Attribute>Runtime</Attribute>
              </YAxis>
            </Query>
            <SeriesAppearance>
              <ChartType>Column</ChartType>
              <LogarithmicScales>false</LogarithmicScales>
              <PointSize>0.8</PointSize>
              <ShadowOffset>0</ShadowOffset>
              <ShowMarkers>false</ShowMarkers>
              <ShowPointValues>false</ShowPointValues>
              <SingleColor xmlns:d7p1="http://schemas.datacontract.org/2004/07/System.Drawing">
                <d7p1:knownColor>0</d7p1:knownColor>
                <d7p1:name i:nil="true" />
                <d7p1:state>0</d7p1:state>
                <d7p1:value>0</d7p1:value>
              </SingleColor>
              <UseScaleBreak>false</UseScaleBreak>
              <XAxisType>Primary</XAxisType>
              <YAxisType>Primary</YAxisType>
            </SeriesAppearance>
            <Timeframe>5d4b3d93-9604-4b94-b150-9cd613f4b4fa</Timeframe>
          </SeriesDescription>
        </SeriesDescriptions>
        <TileState>Normal</TileState>
        <TimeframeId>5d4b3d93-9604-4b94-b150-9cd613f4b4fa</TimeframeId>
      </DashboardElementDescription>
      <DashboardElementDescription>
        <Chart>
          <BackgroundConfiguration>
            <ShadedBackground>true</ShadedBackground>
            <ShadedBackgroundColor1 xmlns:d6p1="http://schemas.datacontract.org/2004/07/System.Drawing">
              <d6p1:knownColor>164</d6p1:knownColor>
              <d6p1:name i:nil="true" />
              <d6p1:state>1</d6p1:state>
              <d6p1:value>0</d6p1:value>
            </ShadedBackgroundColor1>
            <ShadedBackgroundColor2 xmlns:d6p1="http://schemas.datacontract.org/2004/07/System.Drawing">
              <d6p1:knownColor>0</d6p1:knownColor>
              <d6p1:name i:nil="true" />
              <d6p1:state>2</d6p1:state>
              <d6p1:value>4290037985</d6p1:value>
            </ShadedBackgroundColor2>
            <ShadedBackgroundDirection>Down</ShadedBackgroundDirection>
            <UniformBackgroundColor xmlns:d6p1="http://schemas.datacontract.org/2004/07/System.Drawing">
              <d6p1:knownColor>0</d6p1:knownColor>
              <d6p1:name i:nil="true" />
              <d6p1:state>0</d6p1:state>
              <d6p1:value>0</d6p1:value>
            </UniformBackgroundColor>
          </BackgroundConfiguration>
          <ChartType>Column</ChartType>
          <ColorCoding>Palette</ColorCoding>
          <ColorPalette>UC4</ColorPalette>
          <Description># of File Transfers per Source Agent in the past 12 months</Description>
          <DisplayIn3D>false</DisplayIn3D>
          <DisplayName>Sources for File Transfers</DisplayName>
          <FixedYAxisMax>false</FixedYAxisMax>
          <FixedYAxisMaxValue>0</FixedYAxisMaxValue>
          <FixedYAxisMin>false</FixedYAxisMin>
          <FixedYAxisMinValue>0</FixedYAxisMinValue>
          <Identifier>17399b21-8b84-4185-aa7f-9b7f237daa09</Identifier>
          <LegendBackgroundConfiguration>
            <ShadedBackground>false</ShadedBackground>
            <ShadedBackgroundColor1 xmlns:d6p1="http://schemas.datacontract.org/2004/07/System.Drawing">
              <d6p1:knownColor>0</d6p1:knownColor>
              <d6p1:name i:nil="true" />
              <d6p1:state>0</d6p1:state>
              <d6p1:value>0</d6p1:value>
            </ShadedBackgroundColor1>
            <ShadedBackgroundColor2 xmlns:d6p1="http://schemas.datacontract.org/2004/07/System.Drawing">
              <d6p1:knownColor>0</d6p1:knownColor>
              <d6p1:name i:nil="true" />
              <d6p1:state>0</d6p1:state>
              <d6p1:value>0</d6p1:value>
            </ShadedBackgroundColor2>
            <ShadedBackgroundDirection>Down</ShadedBackgroundDirection>
            <UniformBackgroundColor xmlns:d6p1="http://schemas.datacontract.org/2004/07/System.Drawing">
              <d6p1:knownColor>164</d6p1:knownColor>
              <d6p1:name i:nil="true" />
              <d6p1:state>1</d6p1:state>
              <d6p1:value>0</d6p1:value>
            </UniformBackgroundColor>
          </LegendBackgroundConfiguration>
          <LegendBorderColor xmlns:d5p1="http://schemas.datacontract.org/2004/07/System.Drawing">
            <d5p1:knownColor>35</d5p1:knownColor>
            <d5p1:name i:nil="true" />
            <d5p1:state>1</d5p1:state>
            <d5p1:value>0</d5p1:value>
          </LegendBorderColor>
          <LegendBorderSize>1</LegendBorderSize>
          <LegendDocking>Bottom</LegendDocking>
          <LegendShadowOffset>0</LegendShadowOffset>
          <LegendVisible>false</LegendVisible>
          <LogarithmicScales>false</LogarithmicScales>
          <SeriesEmptyPointDisplay>Zero</SeriesEmptyPointDisplay>
          <SeriesPointSize>0.8</SeriesPointSize>
          <SeriesShadowOffset>0</SeriesShadowOffset>
          <ShowPointValues>true</ShowPointValues>
          <ShowSeriesMarkers>false</ShowSeriesMarkers>
          <SingleSeriesColor xmlns:d5p1="http://schemas.datacontract.org/2004/07/System.Drawing">
            <d5p1:knownColor>27</d5p1:knownColor>
            <d5p1:name i:nil="true" />
            <d5p1:state>1</d5p1:state>
            <d5p1:value>0</d5p1:value>
          </SingleSeriesColor>
          <TitleXAxis>Source</TitleXAxis>
          <TitleYAxis>Amount of File Transfers</TitleYAxis>
          <UseColorPalette>false</UseColorPalette>
          <UseGlobalColorCoding>true</UseGlobalColorCoding>
          <UseScaleBreak>true</UseScaleBreak>
          <XAxisAngle3D>0</XAxisAngle3D>
          <YAxisAngle3D>0</YAxisAngle3D>
        </Chart>
        <Position xmlns:d4p1="http://schemas.datacontract.org/2004/07/System.Drawing">
          <d4p1:x>0</d4p1:x>
          <d4p1:y>1</d4p1:y>
        </Position>
        <Query i:nil="true" />
        <SeriesDescriptions>
          <SeriesDescription>
            <Description i:nil="true" />
            <DisplayName i:nil="true" />
            <Query i:type="DashboardQuery">
              <EventBase xmlns:d7p1="http://schemas.datacontract.org/2004/07/UC4.Common.Utils.Misc">
                <AbsoluteUri xmlns:d8p1="http://www.w3.org/2001/XMLSchema" i:type="d8p1:string" xmlns="">eventbase://UC4/V10</AbsoluteUri>
              </EventBase>
              <Filters xmlns:d7p1="http://schemas.datacontract.org/2004/07/UC4.Decision.Runtime.Common.Filtering" i:type="d7p1:FilterCollection">
                <d7p1:List xmlns:d8p1="http://schemas.microsoft.com/2003/10/Serialization/Arrays" />
                <d7p1:Operator>And</d7p1:Operator>
              </Filters>
              <GroupBy i:nil="true" />
              <HideOtherSector>false</HideOtherSector>
              <IncludeOverviewInformation>false</IncludeOverviewInformation>
              <MaxNumberOfDataPoints>10</MaxNumberOfDataPoints>
              <SortByY>true</SortByY>
              <Source xmlns:d7p1="http://schemas.datacontract.org/2004/07/UC4.Common.Utils.Misc">
                <AbsoluteUri xmlns:d8p1="http://www.w3.org/2001/XMLSchema" i:type="d8p1:string" xmlns="">eventobjecttype://Examples/UC4FileTransfer</AbsoluteUri>
              </Source>
              <TimeFrame i:type="AdvancedTimeFrame">
                <EndUnit>Minutes</EndUnit>
                <EndValue>0</EndValue>
                <StartUnit>Months</StartUnit>
                <StartValue>12</StartValue>
                <Type>DynamicInterval</Type>
              </TimeFrame>
              <Truncate>false</Truncate>
              <XAxis i:type="AttributeGroupingDefinition">
                <IncludeEmptyValues>false</IncludeEmptyValues>
                <EventObjectType xmlns:d8p1="http://schemas.datacontract.org/2004/07/UC4.Common.Utils.Misc">
                  <AbsoluteUri xmlns:d9p1="http://www.w3.org/2001/XMLSchema" i:type="d9p1:string" xmlns="">eventobjecttype://Examples/UC4FileTransfer</AbsoluteUri>
                </EventObjectType>
                <Attribute>SourceHost</Attribute>
              </XAxis>
              <YAxis i:type="EotAggregationDefinition">
                <AggregationType>Count</AggregationType>
                <EventObjectType xmlns:d8p1="http://schemas.datacontract.org/2004/07/UC4.Common.Utils.Misc">
                  <AbsoluteUri xmlns:d9p1="http://www.w3.org/2001/XMLSchema" i:type="d9p1:string" xmlns="">eventobjecttype://Examples/UC4FileTransfer</AbsoluteUri>
                </EventObjectType>
              </YAxis>
            </Query>
            <SeriesAppearance>
              <ChartType>Column</ChartType>
              <LogarithmicScales>false</LogarithmicScales>
              <PointSize>0.8</PointSize>
              <ShadowOffset>0</ShadowOffset>
              <ShowMarkers>false</ShowMarkers>
              <ShowPointValues>false</ShowPointValues>
              <SingleColor xmlns:d7p1="http://schemas.datacontract.org/2004/07/System.Drawing">
                <d7p1:knownColor>0</d7p1:knownColor>
                <d7p1:name i:nil="true" />
                <d7p1:state>0</d7p1:state>
                <d7p1:value>0</d7p1:value>
              </SingleColor>
              <UseScaleBreak>false</UseScaleBreak>
              <XAxisType>Primary</XAxisType>
              <YAxisType>Primary</YAxisType>
            </SeriesAppearance>
            <Timeframe>5d4b3d93-9604-4b94-b150-9cd613f4b4fa</Timeframe>
          </SeriesDescription>
        </SeriesDescriptions>
        <TileState>Normal</TileState>
        <TimeframeId>5d4b3d93-9604-4b94-b150-9cd613f4b4fa</TimeframeId>
      </DashboardElementDescription>
    </DashboardElements>
    <Description></Description>
    <DisplayName>DB_FileTransfers</DisplayName>
    <Identifier>1dd5ab14-0178-4d86-b12c-153430289dd5</Identifier>
    <NumberOfColumns>3</NumberOfColumns>
    <Timeframes>
      <TimeframeDescription>
        <DynamicIntervalEndTimeValue>0</DynamicIntervalEndTimeValue>
        <DynamicIntervalStartTimeValue>12</DynamicIntervalStartTimeValue>
        <EndTime>0001-01-01T00:00:00</EndTime>
        <EndTimeUnit>Minutes</EndTimeUnit>
        <Id>5d4b3d93-9604-4b94-b150-9cd613f4b4fa</Id>
        <SeriesColor xmlns:d4p1="http://schemas.datacontract.org/2004/07/System.Drawing">
          <d4p1:knownColor>0</d4p1:knownColor>
          <d4p1:name i:nil="true" />
          <d4p1:state>2</d4p1:state>
          <d4p1:value>4293700608</d4p1:value>
        </SeriesColor>
        <StartTime>0001-01-01T00:00:00</StartTime>
        <StartTimeUnit>Months</StartTimeUnit>
        <TimeframeType>DynamicInterval</TimeframeType>
      </TimeframeDescription>
    </Timeframes>
  </DashboardDescription>
</Dashboards>